<?xml version="1.0" encoding="UTF-8"?>
<project-private xmlns="http://www.netbeans.org/ns/project-private/1">
    <editor-bookmarks xmlns="http://www.netbeans.org/ns/editor-bookmarks/2" lastBookmarkId="0"/>
    <open-files xmlns="http://www.netbeans.org/ns/projectui-open-files/2">
        <group>
            <file>file:/E:/system2%20project/TodoApp/src/service/TaskServiceImpl.java</file>
            <file>file:/E:/system2%20project/TodoApp/src/repository/InMemoryTaskRepository.java</file>
            <file>file:/E:/system2%20project/TodoApp/src/ui/TodoAppGUI.java</file>
            <file>file:/E:/system2%20project/TodoApp/src/service/TaskService.java</file>
            <file>file:/E:/system2%20project/TodoApp/src/Main.java</file>
            <file>file:/E:/system2%20project/TodoApp/src/repository/TaskRepository.java</file>
        </group>
    </open-files>
</project-private>
